training_org,testing_org,Answer_1,Answer_10,Answer_11,Answer_12,Answer_13,Answer_14,Answer_15,Answer_16,Answer_17,Answer_18,Answer_19,Answer_2,Answer_20,Answer_21,Answer_3,Answer_4,Answer_5,Answer_6,Answer_7,Answer_8,Answer_9
1,1,0.0,0.20249221183800623,0.022313765877102643,0.21495327102803738,0.02770528006424413,0.2102803738317757,0.024,0.19158878504672897,0.02533470648815654,0.2087227414330218,0.0240057327122895,0.0,0.43457943925233644,0.5176252319109461,0.0,0.22118380062305296,0.024912280701754386,0.22585669781931464,0.024799042243885756,0.19781931464174454,0.022210563133962923
1,2,0.18181818181818182,0.2441860465116279,0.025292498279421885,0.21262458471760798,0.025528520143597924,0.22093023255813954,0.023378449639655477,0.21760797342192692,0.02574685534591195,0.23089700996677742,0.024614839737913938,0.009966777408637873,0.3903654485049834,0.46259842519685046,0.00010202346539704132,0.23920265780730898,0.025334271639690358,0.23255813953488375,0.0240343347639485,0.22757475083056478,0.024064640786931317
1,3,0.08888888888888889,0.2581196581196581,0.025922746781115877,0.2034188034188034,0.023672170280485377,0.2376068376068376,0.024558303886925797,0.19145299145299144,0.023668639053254434,0.24102564102564103,0.025382538253825384,0.006837606837606838,0.41025641025641024,0.46875000000000006,6.802952481376918e-05,0.2205128205128205,0.022540625546042286,0.24102564102564103,0.024114930733709596,0.21367521367521367,0.022277668864729993
1,4,0.023809523809523808,0.24637681159420288,0.02631578947368421,0.18518518518518517,0.02331238597202514,0.22061191626409016,0.024264966347856888,0.19806763285024154,0.024893746205221615,0.20611916264090174,0.02277174879914606,0.001610305958132045,0.42995169082125606,0.4935304990757856,1.7006513494668457e-05,0.19806763285024154,0.021613073273589876,0.23349436392914655,0.024901253649321657,0.21578099838969403,0.02369165487977369
1,5,0.15217391304347827,0.2271944922547332,0.02271944922547332,0.18932874354561102,0.020964360587002098,0.23752151462994836,0.024155434972868893,0.16006884681583478,0.01848539057841383,0.20654044750430292,0.021386562110140794,0.012048192771084338,0.44406196213425125,0.5019455252918288,0.00011905369321564026,0.19965576592082618,0.02026554856743536,0.22375215146299485,0.022264086316150025,0.15834767641996558,0.016185784658691065
1,6,0.15,0.2063197026022305,0.019059065934065936,0.16356877323420074,0.0170840613473112,0.19702602230483274,0.01858345021037868,0.17472118959107807,0.018606492478226447,0.21933085501858737,0.02107519199857117,0.011152416356877323,0.4572490706319703,0.4833005893909626,0.00010203561042803938,0.1858736059479554,0.01763979537837361,0.19516728624535318,0.018031942297784646,0.17472118959107807,0.01637345410207281
1,7,0.02631578947368421,0.1869918699186992,0.015873015873015872,0.18089430894308944,0.01792908944399678,0.19715447154471546,0.017077464788732396,0.17682926829268295,0.017347956131605186,0.18089430894308944,0.015836298932384342,0.0020325203252032522,0.47764227642276424,0.4467680608365019,1.7005356687356518e-05,0.18089430894308944,0.015537709497206703,0.2134146341463415,0.018050541516245487,0.16666666666666669,0.014711158952278435
1,8,0.17073170731707318,0.19465648854961828,0.01757711528519731,0.20229007633587787,0.020751761942051684,0.19083969465648853,0.01764290755116443,0.2099236641221374,0.023211648027009917,0.17748091603053434,0.016574585635359115,0.013358778625954198,0.4408396946564885,0.46199999999999997,0.00011904356994660046,0.2099236641221374,0.019217330538085255,0.20038167938931295,0.01800720288115246,0.2080152671755725,0.019285208775654636
1,9,0.11627906976744186,0.20238095238095238,0.02040466392318244,0.1836734693877551,0.021135029354207437,0.16156462585034015,0.0165361183637946,0.19727891156462588,0.02333065164923572,0.1836734693877551,0.018854748603351956,0.008503401360544218,0.44387755102040816,0.4762773722627737,8.503401360544217e-05,0.21938775510204084,0.02247778358599059,0.17346938775510204,0.017510729613733903,0.2142857142857143,0.022148004921778874
1,10,0.13513513513513514,0.2212230215827338,0.021206896551724138,0.19964028776978418,0.021760439129582438,0.23201438848920863,0.02263952263952264,0.19784172661870503,0.02098435711560473,0.23021582733812948,0.02278796510592843,0.008992805755395683,0.4316546762589928,0.46601941747572817,8.502533755059008e-05,0.21043165467625902,0.020605847129270872,0.25719424460431656,0.02454514246481291,0.17985611510791366,0.017761989342806393
1,11,0.1346153846153846,0.27807486631016043,0.026956972524624156,0.22459893048128343,0.024744697564807544,0.2263814616755793,0.02242231638418079,0.17825311942959002,0.019904458598726114,0.2531194295900178,0.025411596277738008,0.012477718360071301,0.40819964349376114,0.43953934740882916,0.00011906584341140651,0.2352941176470588,0.02325581395348837,0.2459893048128342,0.023618004449768956,0.20855614973262035,0.02060947683635723
1,12,0.19148936170212766,0.2224,0.02387905858099983,0.208,0.02540551104162595,0.24159999999999995,0.02658918823736573,0.19039999999999999,0.02300850734725445,0.20639999999999997,0.02275132275132275,0.0144,0.43520000000000003,0.480565371024735,0.00015307163752636233,0.2304,0.02516602586508214,0.23199999999999998,0.024850042844901457,0.20479999999999998,0.02269503546099291
1,13,0.021739130434782608,0.25794392523364484,0.02372764786795048,0.21495327102803738,0.022808409361364537,0.26168224299065423,0.024390243902439025,0.21308411214953268,0.024286322965487855,0.25981308411214954,0.024816996964827708,0.001869158878504673,0.43551401869158873,0.43632958801498123,1.700767045937718e-05,0.23738317757009342,0.022233893557422967,0.26168224299065423,0.02413377003964834,0.22242990654205605,0.02124241342377722
1,14,0.027777777777777776,0.18994413407821228,0.017513736263736264,0.17318435754189945,0.018844984802431613,0.18994413407821228,0.018014835747085834,0.1527001862197393,0.015705803485922237,0.17318435754189945,0.016660695091365103,0.00186219739292365,0.4506517690875233,0.45318352059925093,1.7004778342714304e-05,0.16759776536312848,0.015748031496062992,0.18063314711359407,0.016663803470194125,0.1564245810055866,0.014770529277299103
1,15,0.0,0.3310104529616724,0.03267411865864144,0.2822299651567944,0.03307472437729686,0.3310104529616724,0.03383190883190883,0.28048780487804875,0.0319001386962552,0.32404181184668984,0.03314917127071823,0.0,0.367595818815331,0.4186507936507936,0.0,0.31707317073170727,0.031985940246045695,0.33449477351916374,0.032826124123781844,0.29790940766550517,0.030470420527441196
1,16,0.12698412698412698,0.2329317269076305,0.019927847448891943,0.21285140562248994,0.02093620383172032,0.24096385542168672,0.021367521367521368,0.2048192771084337,0.020306589687437784,0.23493975903614459,0.020620373634120552,0.01606425702811245,0.42771084337349397,0.4152046783625732,0.00013610071452875127,0.25301204819277107,0.021875000000000002,0.2550200803212851,0.02174657534246575,0.20682730923694778,0.018130610807956346
1,17,0.06818181818181818,0.19553072625698326,0.018066070199587062,0.1564245810055866,0.016454456415279137,0.1713221601489758,0.016355555555555557,0.1601489757914339,0.016839631877814763,0.17690875232774675,0.017123287671232876,0.00558659217877095,0.4748603351955308,0.46875,5.102127587203864e-05,0.1601489757914339,0.014927963895157092,0.2011173184357542,0.01852169439204253,0.13594040968342647,0.012773403324584428
1,18,0.11904761904761904,0.22475570032573292,0.02373581011351909,0.18892508143322478,0.022541780023319084,0.22964169381107497,0.02514713750668807,0.18241042345276873,0.022598870056497175,0.20846905537459284,0.02305060327750765,0.008143322475570033,0.37785016286644957,0.43939393939393945,8.503256747334229e-05,0.22149837133550493,0.023842917251051896,0.22801302931596093,0.024013722126929676,0.19543973941368079,0.020986358866736624
1,19,0.0196078431372549,0.2379310344827586,0.0235655737704918,0.22068965517241376,0.02538675128917096,0.25689655172413794,0.026521893912424353,0.20862068965517241,0.02480524805248053,0.2413793103448276,0.024669603524229075,0.0017241379310344827,0.41724137931034483,0.4540337711069419,1.7009116886651246e-05,0.23103448275862068,0.02325177858754121,0.2672413793103448,0.026536551960280777,0.2379310344827586,0.024325753569539924
1,20,0.30952380952380953,0.21978021978021978,0.020622100017185084,0.1794871794871795,0.019560878243512974,0.2271062271062271,0.02193137601697913,0.16666666666666666,0.018116663348596455,0.21062271062271062,0.020289343683839094,0.023809523809523808,0.47435897435897434,0.48051948051948046,0.00022108467543068995,0.19963369963369965,0.01912280701754386,0.22527472527472525,0.021065250899126562,0.1978021978021978,0.018874519398811605
2,1,0.0,0.1851145038167939,0.016649502231376588,0.18893129770992365,0.01987552700260992,0.1965648854961832,0.01831111111111111,0.16984732824427481,0.018331616889804326,0.1851145038167939,0.01737728412755285,0.0,0.5419847328244274,0.5269016697588126,0.0,0.20229007633587787,0.018596491228070177,0.20419847328244273,0.018299982897212245,0.16412213740458015,0.01504022385449458
2,2,0.18181818181818182,0.23578947368421052,0.019270474879559532,0.1957894736842105,0.018548065416832866,0.2231578947368421,0.018632448584988574,0.20210526315789473,0.018867924528301886,0.21894736842105264,0.018416858508942802,0.01263157894736842,0.511578947368421,0.4783464566929134,0.00010202346539704132,0.22105263157894736,0.018472906403940885,0.2336842105263158,0.019055793991416308,0.21052631578947367,0.017565431231336727
2,3,0.08888888888888889,0.2474437627811861,0.020772532188841203,0.1820040899795501,0.01770439626019495,0.21472392638036808,0.018551236749116608,0.16768916155419222,0.017328825021132713,0.2229038854805726,0.019621962196219624,0.0081799591002045,0.5051124744376279,0.48242187500000006,6.802952481376918e-05,0.20040899795501022,0.017123886073737552,0.22085889570552147,0.018471010774756286,0.1983640081799591,0.017287471039030475
2,4,0.023809523809523808,0.22440944881889766,0.019607843137254898,0.1751968503937008,0.01804175957834989,0.20275590551181105,0.01824300389656394,0.20472440944881892,0.021048370775146735,0.18700787401574803,0.016900907311866217,0.001968503937007874,0.5098425196850394,0.47874306839186687,1.7006513494668457e-05,0.1909448818897638,0.017044456158847303,0.2145669291338583,0.01871887343293835,0.21850393700787404,0.019625176803394626
2,5,0.15217391304347827,0.21030042918454936,0.016867469879518072,0.16952789699570817,0.015056222603392415,0.22317596566523606,0.018204095921582356,0.1351931330472103,0.012522361359570662,0.1888412017167382,0.015683478880769916,0.015021459227467811,0.5579399141630902,0.5058365758754864,0.00011905369321564026,0.18240343347639487,0.014849755415793153,0.20600858369098712,0.016441171433464633,0.13090128755364808,0.010731878958479945
2,6,0.15,0.18778280542986425,0.014251373626373626,0.12895927601809953,0.0110658124635993,0.17420814479638008,0.01349929873772791,0.1606334841628959,0.01405384006334125,0.19683257918552036,0.015538489015895695,0.013574660633484163,0.581447963800905,0.5049115913555993,0.00010203561042803938,0.1583710407239819,0.012347856764861529,0.17420814479638008,0.013223424351708743,0.15610859728506787,0.01201881205364919
2,7,0.02631578947368421,0.16262135922330098,0.011559696342305038,0.16019417475728154,0.01329572925060435,0.17475728155339806,0.01267605633802817,0.15291262135922332,0.01256231306081755,0.1553398058252427,0.011387900355871887,0.0024271844660194173,0.5922330097087379,0.46387832699619774,1.7005356687356518e-05,0.16019417475728154,0.011522346368715082,0.18932038834951456,0.013408973697782363,0.15776699029126215,0.011661284535342662
2,8,0.17073170731707318,0.17511520737327188,0.013096674134068585,0.18433179723502305,0.015661707126076743,0.1774193548387097,0.013585038814396612,0.1935483870967742,0.01772525849335303,0.1566820276497696,0.012119051862413117,0.016129032258064516,0.5599078341013825,0.486,0.00011904356994660046,0.1889400921658986,0.0143256464011181,0.18202764976958524,0.013548276453438517,0.19124423963133638,0.014685067232837933
2,9,0.11627906976744186,0.19367588932806323,0.016803840877914953,0.18379446640316205,0.018199608610567516,0.1541501976284585,0.013577023498694515,0.2015810276679842,0.020514883346741754,0.17193675889328064,0.01518854748603352,0.009881422924901186,0.5316205533596837,0.4908759124087591,8.503401360544217e-05,0.22134387351778656,0.01951559505140268,0.17588932806324112,0.015278969957081544,0.20948616600790515,0.018632448584988574
2,10,0.13513513513513514,0.18101545253863136,0.01413793103448276,0.1545253863134658,0.013722799451088024,0.18984547461368653,0.015093015093015093,0.152317880794702,0.01316291491797024,0.19205298013245034,0.01548869503293573,0.011037527593818985,0.5629139072847682,0.49514563106796117,8.502533755059008e-05,0.17439293598233996,0.013913349771046144,0.23178807947019867,0.018022657054582905,0.1434878587196468,0.011545293072824156
2,11,0.1346153846153846,0.2811791383219955,0.021427337134957664,0.2108843537414966,0.01826394344069128,0.217687074829932,0.01694915254237288,0.1541950113378685,0.01353503184713376,0.25170068027210885,0.01986399427344309,0.015873015873015872,0.5306122448979592,0.44913627639155473,0.00011906584341140651,0.21541950113378686,0.016737138830162084,0.235827664399093,0.017799075817217184,0.18820861678004536,0.014620398097586751
2,12,0.19148936170212766,0.1741682974559687,0.015289469163373991,0.1761252446183953,0.017588430721125658,0.2015655577299413,0.018136995949991196,0.15851272015655576,0.015661252900232018,0.16634050880626225,0.014991181657848325,0.01761252446183953,0.5636007827788649,0.508833922261484,0.00015307163752636233,0.19373776908023485,0.01730164278224397,0.187866927592955,0.016452442159383032,0.17221135029354206,0.015602836879432624
2,13,0.021739130434782608,0.22826086956521738,0.018053645116918843,0.1847826086956522,0.016858389527965093,0.23695652173913045,0.018989547038327528,0.18695652173913044,0.018321261184490838,0.2391304347826087,0.019639350116050707,0.002173913043478261,0.5521739130434782,0.4756554307116104,1.700767045937718e-05,0.2108695652173913,0.016981792717086837,0.23043478260869565,0.018272711601448027,0.2,0.016422706176365584
2,14,0.027777777777777776,0.15777262180974477,0.011675824175824176,0.15313225058004637,0.013373860182370821,0.18561484918793503,0.014129282938890852,0.12993039443155452,0.010725914575751772,0.13921113689095127,0.010748835542816195,0.002320185614849188,0.5823665893271461,0.4700374531835205,1.7004778342714304e-05,0.14849187935034802,0.011198600174978127,0.16937354988399073,0.012540800549733723,0.1322505800464037,0.010022859152452962
2,15,0.06666666666666667,0.3255813953488372,0.026483233018056752,0.2558139534883721,0.024703960800326667,0.3255813953488372,0.027421652421652423,0.23890063424947144,0.02238953833960769,0.3171247357293869,0.026733202637675993,0.006342494714587738,0.4904862579281184,0.4603174603174603,5.1022143610326885e-05,0.30443974630021137,0.02530755711775044,0.3340380549682875,0.02701316464352881,0.2642706131078224,0.022273699215965788
2,16,0.12698412698412698,0.20794392523364488,0.015289469163373991,0.1939252336448598,0.016393442622950817,0.21728971962616822,0.01655982905982906,0.1658878504672897,0.014134979096157673,0.2149532710280374,0.016214310891787098,0.018691588785046728,0.5537383177570094,0.46198830409356734,0.00013610071452875127,0.22429906542056077,0.016666666666666666,0.2383177570093458,0.017465753424657535,0.17289719626168223,0.01302587572610456
2,17,0.06818181818181818,0.17824074074074076,0.01324845147969718,0.13657407407407407,0.011557296767874632,0.14120370370370372,0.010844444444444445,0.14814814814814814,0.01253181907186215,0.1550925925925926,0.012076423936553712,0.006944444444444444,0.6087962962962963,0.4834558823529411,5.102127587203864e-05,0.14583333333333334,0.010935601458080195,0.17824074074074076,0.013205282112845138,0.12268518518518519,0.009273840769903762
2,18,0.11904761904761904,0.21951219512195125,0.018575851393188854,0.17682926829268295,0.01690633501748931,0.21138211382113822,0.018548243267344392,0.16869918699186992,0.01674737691686844,0.19308943089430894,0.01710786962002521,0.01016260162601626,0.5040650406504065,0.4696969696969697,8.503256747334229e-05,0.21138211382113822,0.0182328190743338,0.20528455284552846,0.017324185248713552,0.17682926829268295,0.015215110178384051
2,19,0.0196078431372549,0.20638297872340428,0.016564207650273225,0.19148936170212766,0.017850059500198332,0.23404255319148937,0.019579921680313278,0.19148936170212766,0.01845018450184502,0.21914893617021278,0.01814977973568282,0.002127659574468085,0.5276595744680851,0.4652908067542214,1.7009116886651246e-05,0.20212765957446807,0.01648446989415235,0.251063829787234,0.0202020202020202,0.2127659574468085,0.017627357659086903
2,20,0.30952380952380953,0.19693654266958424,0.015466575012888811,0.15317286652078774,0.013972055888223554,0.2013129102844639,0.01627166607711355,0.1422319474835886,0.012940473820426039,0.19037199124726478,0.015349329569513055,0.028446389496717725,0.5776805251641137,0.48979591836734687,0.00022108467543068995,0.1772428884026258,0.014210526315789474,0.19693654266958424,0.015413598218873094,0.17943107221006566,0.014330653617616217
3,1,0.0,0.1512455516014235,0.014589769996567114,0.14412811387900357,0.016261794820317206,0.15480427046263345,0.015466666666666667,0.14056939501779359,0.01627188465499485,0.14590747330960854,0.0146900752418488,0.0,0.6423487544483986,0.6697588126159555,0.0,0.15658362989323843,0.015438596491228071,0.15658362989323843,0.015050453223875491,0.12811387900355872,0.012591815320041973
3,2,0.18181818181818182,0.19391634980988592,0.017549896765313145,0.15019011406844107,0.015755883526126845,0.17300380228136883,0.01599578133239585,0.1482889733840304,0.015330188679245281,0.18441064638783272,0.017177262263148575,0.011406844106463879,0.629277566539924,0.6515748031496064,0.00010202346539704132,0.16539923954372623,0.015306122448979593,0.18250950570342206,0.016480686695278968,0.15399239543726234,0.01422799929738275
3,3,0.08888888888888889,0.2160148975791434,0.019914163090128754,0.1266294227188082,0.013526954445991647,0.1787709497206704,0.016961130742049472,0.10986964618249534,0.01246830092983939,0.18063314711359407,0.017461746174617463,0.0074487895716946,0.62756052141527,0.658203125,6.802952481376918e-05,0.14525139664804468,0.013629215446444172,0.18808193668528866,0.01727381563194801,0.14525139664804468,0.013901265371591516
3,4,0.023809523809523808,0.19823008849557522,0.019263845889232883,0.12389380530973451,0.014190147982971824,0.15398230088495576,0.015409139213602553,0.15221238938053097,0.017405383525602107,0.1486725663716814,0.014943960149439602,0.0017699115044247787,0.6265486725663717,0.6543438077634011,1.7006513494668457e-05,0.13451327433628318,0.013354419258478297,0.17168141592920355,0.01665808002747725,0.1575221238938053,0.015735502121640734
3,5,0.15217391304347827,0.1825242718446602,0.016179001721170396,0.1378640776699029,0.013531541833428626,0.19223300970873786,0.01732889900227551,0.1029126213592233,0.010534684953289604,0.16116504854368932,0.014792372126180715,0.013592233009708738,0.6504854368932039,0.6517509727626459,0.00011905369321564026,0.14563106796116504,0.013102725366876311,0.19805825242718444,0.017468744648056173,0.09902912621359222,0.008972554539057001
3,6,0.15,0.1493123772102161,0.013049450549450548,0.09823182711198428,0.009706853038245,0.13948919449901767,0.012447405329593268,0.1237721021611002,0.012470308788598576,0.16502946954813358,0.015002679049830327,0.011787819253438114,0.6876227897838899,0.6876227897838899,0.00010203561042803938,0.12573673870333987,0.011289469042159111,0.14538310412573674,0.012708226000343466,0.11198428290766207,0.009928583870405853
3,7,0.02631578947368421,0.13939393939393938,0.011904761904761904,0.11919191919191918,0.011885576148267525,0.14343434343434341,0.0125,0.1111111111111111,0.010967098703888336,0.1292929292929293,0.011387900355871887,0.00202020202020202,0.6949494949494949,0.6539923954372624,1.7005356687356518e-05,0.11919191919191918,0.010300279329608936,0.16161616161616163,0.01375279353618704,0.11919191919191918,0.0105848582705418
3,8,0.17073170731707318,0.16265060240963852,0.01395829743236257,0.15261044176706826,0.014878621769772903,0.15662650602409636,0.013761467889908256,0.1606425702811245,0.016881198565098125,0.13654618473895583,0.012119051862413117,0.014056224899598393,0.6506024096385541,0.648,0.00011904356994660046,0.1506024096385542,0.013102725366876311,0.15662650602409636,0.013376779283141826,0.14859437751004015,0.013092710544939844
3,9,0.11627906976744186,0.18214285714285713,0.01748971193415638,0.14107142857142857,0.015459882583170255,0.14285714285714285,0.01392515230635335,0.15714285714285714,0.017699115044247787,0.1607142857142857,0.015712290502793293,0.008928571428571428,0.6249999999999999,0.6386861313868614,8.503401360544217e-05,0.1732142857142857,0.016901899285589824,0.1607142857142857,0.015450643776824032,0.1625,0.01599578133239585
3,10,0.13513513513513514,0.1752988047808765,0.015172413793103448,0.12350597609561753,0.01215447951382082,0.1752988047808765,0.015444015444015444,0.12549800796812752,0.012018313620755438,0.18326693227091637,0.01637884991988606,0.0099601593625498,0.6713147410358565,0.654368932038835,8.502533755059008e-05,0.13745019920318727,0.012152166255723846,0.21912350597609562,0.018880878819086854,0.11354581673306773,0.010124333925399645
3,11,0.1346153846153846,0.24074074074074078,0.02021772939346812,0.17283950617283952,0.016496465043205028,0.17901234567901236,0.015360169491525424,0.12551440329218108,0.01214171974522293,0.20987654320987653,0.01825340014316392,0.01440329218106996,0.6604938271604939,0.6161228406909789,0.00011906584341140651,0.18106995884773663,0.015503875968992248,0.20370370370370372,0.016943351018312514,0.14609053497942387,0.012506605601550112
3,12,0.19148936170212766,0.16520210896309315,0.016148428105136576,0.14059753954305798,0.015634160641000587,0.18101933216168717,0.018136995949991196,0.12302284710017575,0.013534416086620264,0.1546572934973638,0.015520282186948852,0.015817223198594025,0.6625659050966607,0.666077738515901,0.00015307163752636233,0.156414762741652,0.015554002097168822,0.16695957820738136,0.016281062553556127,0.13356766256590508,0.01347517730496454
3,13,0.043478260869565216,0.18631178707224336,0.01685006877579092,0.13307984790874525,0.013883379611265371,0.19011406844106463,0.017421602787456445,0.13688212927756654,0.01533873029399233,0.20912547528517111,0.019639350116050707,0.0038022813688212928,0.6692015209125475,0.6591760299625468,3.401534091875436e-05,0.15399239543726234,0.014180672268907563,0.18631178707224336,0.016893639027753836,0.14638783269961977,0.013745091038914673
3,14,0.027777777777777776,0.14747474747474748,0.01253434065934066,0.12323232323232325,0.012360688956433639,0.1696969696969697,0.014835747085835394,0.09696969696969697,0.00919364106493009,0.10909090909090909,0.009673951988534575,0.00202020202020202,0.6808080808080808,0.6310861423220973,1.7004778342714304e-05,0.11515151515151514,0.009973753280839895,0.14545454545454545,0.012369008761381205,0.10101010101010101,0.008791981712678037
3,15,0.06666666666666667,0.2755298651252408,0.024591573516766982,0.19653179190751444,0.0208248264597795,0.2658959537572254,0.024572649572649572,0.18882466281310212,0.01941747572815534,0.2658959537572254,0.024594546426661913,0.005780346820809248,0.6011560693641618,0.619047619047619,5.1022143610326885e-05,0.23121387283236994,0.0210896309314587,0.2736030828516377,0.02427765429988032,0.2003853564547206,0.018531717747683536
3,16,0.12698412698412698,0.1869747899159664,0.015289469163373991,0.1365546218487395,0.012838238198696424,0.19327731092436976,0.01638176638176638,0.12394957983193276,0.011745968544694403,0.1953781512605042,0.016390553401480434,0.01680672268907563,0.676470588235294,0.6276803118908383,0.00013610071452875127,0.1722689075630252,0.014236111111111113,0.20378151260504204,0.01660958904109589,0.12394957983193276,0.010385495511353635
3,17,0.06818181818181818,0.14435146443514643,0.011871988988300069,0.09414225941422592,0.008814887365328108,0.1108786610878661,0.009422222222222222,0.10878661087866108,0.010182102995887997,0.11715481171548116,0.010093727469358327,0.006276150627615063,0.7322175732217572,0.6433823529411764,5.102127587203864e-05,0.09205020920502091,0.007637562923103628,0.14853556485355646,0.012176299091064996,0.0815899581589958,0.0068241469816272965
3,18,0.11904761904761904,0.1823104693140794,0.017371861025111797,0.12815884476534295,0.013797123979790125,0.17689530685920576,0.017478152309612985,0.12274368231046931,0.013720742534301857,0.15342960288808663,0.015307041238969928,0.009025270758122744,0.6155234657039711,0.6458333333333334,8.503256747334229e-05,0.15342960288808663,0.014901823281907435,0.16606498194945848,0.015780445969125215,0.1263537906137184,0.01224204267226303
3,19,0.0196078431372549,0.1934865900383142,0.01724726775956284,0.15325670498084293,0.015866719555731854,0.21647509578544064,0.020113919544321825,0.15325670498084293,0.01640016400164002,0.20306513409961688,0.018678414096916302,0.0019157088122605363,0.6340996168582376,0.6210131332082552,1.7009116886651246e-05,0.15900383141762453,0.014402221065417317,0.2241379310344828,0.020030816640986136,0.16666666666666669,0.015335801163405606
3,20,0.30952380952380953,0.1607142857142857,0.013919917511599931,0.11507936507936507,0.01157684630738523,0.15873015873015872,0.014149274849663955,0.10515873015873016,0.010551463268962771,0.1468253968253968,0.013055751587861679,0.025793650793650792,0.7043650793650793,0.6586270871985157,0.00022108467543068995,0.1349206349206349,0.01192982456140351,0.16666666666666666,0.014386025004281554,0.13293650793650794,0.011709192590003494
4,1,0.0,0.1764705882352941,0.018022657054582905,0.1781512605042017,0.021280867295723753,0.17983193277310922,0.01902222222222222,0.16134453781512603,0.01977342945417096,0.1781512605042017,0.01898960945897528,0.0,0.5663865546218487,0.6252319109461966,0.0,0.18823529411764706,0.019649122807017545,0.18823529411764706,0.019155122284932442,0.1546218487394958,0.01608954179783141
4,2,0.18181818181818182,0.22597864768683273,0.02185134205092911,0.18505338078291816,0.020741922616673316,0.20640569395017797,0.020390226753383724,0.18683274021352314,0.020636792452830188,0.20818505338078294,0.020718965822560654,0.010676156583629894,0.5302491103202848,0.5866141732283465,0.00010202346539704132,0.20640569395017797,0.020408163265306124,0.2188612099644128,0.02111587982832618,0.19572953736654805,0.019321974354470403
4,3,0.08888888888888889,0.2504378283712784,0.024549356223175965,0.17162872154115585,0.01949472846628208,0.21366024518388793,0.021554770318021204,0.15586690017513136,0.018808114961961116,0.22066549912434327,0.022682268226822684,0.0070052539404553416,0.5271453590192644,0.587890625,6.802952481376918e-05,0.19264448336252188,0.019220688450113578,0.22066549912434327,0.021549512570549,0.18388791593695272,0.018713241846373196
4,4,0.023809523809523808,0.23103448275862068,0.02304781561747506,0.16379310344827586,0.01925805797689033,0.20689655172413793,0.021253985122210415,0.18793103448275864,0.022060311677798018,0.18793103448275864,0.019391567336772816,0.0017241379310344827,0.5344827586206896,0.5730129390018485,1.7006513494668457e-05,0.17758620689655172,0.018098752416095588,0.21896551724137928,0.02181006354113,0.19482758620689655,0.019978783592644978
4,5,0.15217391304347827,0.2105263157894737,0.019277108433734938,0.16541353383458646,0.016771488469601678,0.2255639097744361,0.021004726063364256,0.13345864661654136,0.014112502484595507,0.18796992481203006,0.017822135091783993,0.013157894736842105,0.5695488721804511,0.5894941634241245,0.00011905369321564026,0.17481203007518797,0.016247379454926623,0.21992481203007522,0.020037677684535023,0.13533834586466167,0.012667135819845179
4,6,0.15,0.17748091603053434,0.015968406593406592,0.12404580152671756,0.012618908949718502,0.17748091603053434,0.016304347826086956,0.1450381679389313,0.015043547110055424,0.1984732824427481,0.01857474549026612,0.011450381679389313,0.616412213740458,0.6345776031434185,0.00010203561042803938,0.14694656488549618,0.013582642441347681,0.17557251908396945,0.015799416108535122,0.13931297709923665,0.01271555478139697
4,7,0.02631578947368421,0.16161616161616163,0.013802622498274672,0.14545454545454545,0.014504431909750202,0.1696969696969697,0.014788732394366198,0.13737373737373737,0.013559322033898306,0.15151515151515152,0.013345195729537369,0.00202020202020202,0.6242424242424242,0.5874524714828897,1.7005356687356518e-05,0.1414141414141414,0.012220670391061452,0.18585858585858586,0.015815712566615094,0.1414141414141414,0.012558306422676713
4,8,0.17073170731707318,0.17635270541082163,0.015164570049974152,0.18036072144288576,0.017619420516836334,0.1743486973947896,0.015349329569513055,0.19238476953907815,0.020257438278117747,0.16032064128256512,0.014257708073427197,0.014028056112224449,0.5811623246492986,0.5800000000000001,0.00011904356994660046,0.18637274549098196,0.016247379454926623,0.17635270541082163,0.015091750986108727,0.18837675350701402,0.016631280962491155
4,9,0.11627906976744186,0.20869565217391303,0.0205761316872428,0.17565217391304347,0.019765166340508806,0.16869565217391305,0.01688424717145344,0.18434782608695652,0.021319388576025746,0.18608695652173912,0.018680167597765363,0.008695652173913044,0.551304347826087,0.5784671532846716,8.503401360544217e-05,0.21217391304347827,0.021258058895277925,0.1826086956521739,0.018025751072961373,0.19826086956521738,0.02003867111970469
4,10,0.13513513513513514,0.20352250489236792,0.017931034482758623,0.1604696673189824,0.016075279356988825,0.20352250489236792,0.018252018252018252,0.15851272015655576,0.015452117512399846,0.21526418786692758,0.019583407512907245,0.009784735812133072,0.5831702544031311,0.5786407766990291,8.502533755059008e-05,0.1741682974559687,0.01567453328636844,0.24070450097847357,0.021112255406797117,0.14285714285714288,0.01296625222024867
4,11,0.1346153846153846,0.28169014084507044,0.02419215482979091,0.20321931589537226,0.019835035349567952,0.2152917505030181,0.018891242937853107,0.1488933601609658,0.014729299363057325,0.24949698189134809,0.02219040801717967,0.014084507042253521,0.5694164989939638,0.5431861804222649,0.00011906584341140651,0.20724346076458755,0.01814658210007047,0.23943661971830987,0.0203662502139312,0.1750503018108652,0.015324995596265633
4,12,0.19148936170212766,0.1947194719471947,0.020271431025596975,0.16996699669966997,0.020128981825288255,0.21287128712871287,0.022715266772319068,0.15016501650165015,0.017594740912606342,0.17986798679867988,0.019223985890652558,0.01485148514851485,0.570957095709571,0.6113074204946997,0.00015307163752636233,0.18976897689768976,0.020097867878364206,0.1947194719471947,0.020222793487574976,0.16006600660066006,0.01719858156028369
4,13,0.043478260869565216,0.2232645403377111,0.020460797799174688,0.16885553470919326,0.017850059500198332,0.2232645403377111,0.020731707317073172,0.17073170731707318,0.019386450788240306,0.23639774859287058,0.022495982860203538,0.00375234521575985,0.5834896810506567,0.5823970037453183,3.401534091875436e-05,0.18949343339587243,0.017682072829131652,0.2232645403377111,0.020513704533701084,0.17823639774859287,0.016958229203855764
4,14,0.027777777777777776,0.1801980198019802,0.015625,0.14257425742574256,0.014589665653495442,0.18613861386138614,0.01660190745319675,0.12673267326732673,0.012258188086573453,0.14257425742574256,0.012898602651379433,0.0019801980198019802,0.598019801980198,0.5655430711610486,1.7004778342714304e-05,0.13465346534653466,0.011898512685914261,0.1722772277227723,0.014945885586668957,0.12673267326732673,0.011253736592227887
4,15,0.06666666666666667,0.31046931407942235,0.029578675838349097,0.2382671480144404,0.02694977541853818,0.29783393501805056,0.02938034188034188,0.22743682310469313,0.024965325936199725,0.2996389891696751,0.02958474425236143,0.005415162454873646,0.5126353790613718,0.5634920634920634,5.1022143610326885e-05,0.27617328519855594,0.026889279437609843,0.30324909747292417,0.028722858608309115,0.24368231046931407,0.024055595153243053
4,16,0.12698412698412698,0.21711899791231734,0.01786634598866174,0.18580375782881,0.01757851076436895,0.2254697286012526,0.019230769230769232,0.16910229645093944,0.016125821222377063,0.22755741127348644,0.019210433556573845,0.016701461377870562,0.5782881002087683,0.5399610136452243,0.00013610071452875127,0.21920668058455114,0.018229166666666668,0.2359081419624217,0.01934931506849315,0.16701461377870563,0.014082027812004929
4,17,0.06818181818181818,0.17959183673469387,0.015141087405368204,0.1285714285714286,0.012340842311459354,0.14285714285714285,0.012444444444444444,0.14081632653061224,0.01351086743685138,0.15714285714285714,0.0138788752703677,0.006122448979591836,0.6408163265306122,0.5772058823529411,5.102127587203864e-05,0.1326530612244898,0.01128276340913036,0.1816326530612245,0.015263248156405418,0.11632653061224489,0.009973753280839895
4,18,0.11904761904761904,0.21340388007054675,0.02081183350533196,0.16225749559082894,0.017877963466770307,0.21516754850088185,0.021758516140538614,0.15873015873015872,0.018159806295399514,0.18518518518518517,0.018908698001080495,0.008818342151675485,0.5361552028218695,0.5757575757575758,8.503256747334229e-05,0.1904761904761905,0.018934081346423562,0.20634920634920637,0.020068610634648373,0.17107583774250443,0.01696397341727877
4,19,0.0196078431372549,0.21561338289962828,0.01980874316939891,0.1858736059479554,0.019833399444664813,0.2472118959107807,0.02367390530437878,0.18773234200743497,0.02070520705207052,0.2267657992565056,0.021497797356828198,0.0018587360594795538,0.5483271375464684,0.5534709193245779,1.7009116886651246e-05,0.19702602230483274,0.01839319798715947,0.25278810408921937,0.023283684300633455,0.20817843866171004,0.01974264057817733
4,20,0.30952380952380953,0.20188679245283017,0.018388039181990033,0.14339622641509434,0.015169660678642715,0.20754716981132074,0.019455252918287938,0.13584905660377358,0.014334063308779612,0.1867924528301887,0.01746647847565279,0.024528301886792454,0.6075471698113207,0.5974025974025973,0.00022108467543068995,0.1660377358490566,0.015438596491228071,0.20943396226415095,0.019010104469943483,0.16981132075471697,0.015728766165676335
5,1,0.0,0.1694290976058932,0.015791280466872643,0.16206261510128914,0.01766713511343104,0.1712707182320442,0.016533333333333334,0.1546961325966851,0.01730175077239959,0.16574585635359115,0.01612325331422429,0.0,0.6298342541436465,0.634508348794063,0.0,0.17495395948434622,0.016666666666666666,0.17311233885819524,0.01607662048913973,0.143646408839779,0.013641133263378803
5,2,0.18181818181818182,0.2142857142857143,0.019098417068134893,0.17181467181467183,0.017750299162345433,0.194980694980695,0.017753559500791,0.17953667953667954,0.018278301886792452,0.2007722007722008,0.018416858508942802,0.011583011583011582,0.5926640926640927,0.6043307086614174,0.00010202346539704132,0.19305019305019305,0.017593244194229415,0.20463320463320467,0.018197424892703862,0.1872586872586873,0.01703846829439663
5,3,0.08888888888888889,0.2325141776937618,0.02111587982832618,0.1493383742911153,0.01571513825343147,0.2003780718336484,0.01872791519434629,0.13799621928166353,0.015426880811496195,0.20226843100189035,0.019261926192619263,0.007561436672967864,0.5973534971644612,0.6171875,6.802952481376918e-05,0.17013232514177692,0.0157260178228202,0.20982986767485823,0.018984094407388404,0.16635160680529298,0.015683478880769916
5,4,0.023809523809523808,0.22482014388489208,0.021499828001375988,0.1420863309352518,0.016014595580782484,0.17805755395683454,0.017534537725823595,0.17266187050359713,0.019429265330904676,0.17266187050359713,0.017078811599359544,0.0017985611510791368,0.6115107913669066,0.6284658040665435,1.7006513494668457e-05,0.1564748201438849,0.015287295730100159,0.2014388489208633,0.019234071784303624,0.18165467625899281,0.017857142857142856
5,5,0.15217391304347827,0.20245398773006135,0.017039586919104992,0.1574642126789366,0.014675052410901468,0.21063394683026584,0.018029056537720987,0.12474437627811862,0.01212482607831445,0.17995910020449896,0.015683478880769916,0.014314928425357873,0.6339468302658486,0.603112840466926,0.00011905369321564026,0.16359918200409,0.013976240391334731,0.2167689161554192,0.018153793457783868,0.11860940695296524,0.010204081632653062
5,6,0.15,0.1683366733466934,0.014423076923076924,0.11022044088176353,0.0106775383420695,0.16032064128256512,0.014025245441795233,0.13827655310621242,0.013657957244655582,0.1843687374749499,0.016431505626004643,0.012024048096192385,0.6693386773547093,0.656188605108055,0.00010203561042803938,0.1342685370741483,0.01181866290351032,0.1623246492985972,0.013910355486862442,0.1282565130260521,0.011147883643964466
5,7,0.02631578947368421,0.15254237288135594,0.012422360248447204,0.13559322033898305,0.0128928283642224,0.1610169491525424,0.013380281690140845,0.12711864406779663,0.011964107676969093,0.14406779661016952,0.01209964412811388,0.00211864406779661,0.6779661016949153,0.6083650190114069,1.7005356687356518e-05,0.13347457627118645,0.010998603351955308,0.17796610169491528,0.01444043321299639,0.13559322033898305,0.011481880157875851
5,8,0.17073170731707318,0.16666666666666666,0.013613648113044977,0.16455696202531644,0.015270164447924821,0.1561181434599156,0.013055751587861679,0.1729957805907173,0.017303228529225577,0.13924050632911392,0.011762609160577435,0.014767932489451477,0.6413502109704641,0.608,0.00011904356994660046,0.16244725738396623,0.013452131376659678,0.1561181434599156,0.012690790601955066,0.16455696202531644,0.013800424628450105
5,9,0.11627906976744186,0.20810313075506448,0.0193758573388203,0.16574585635359115,0.01761252446183953,0.16574585635359115,0.015665796344647518,0.18047882136279927,0.019710378117457766,0.1823204419889503,0.017283519553072627,0.009208103130755065,0.6022099447513812,0.5967153284671532,8.503401360544217e-05,0.20073664825046042,0.018992855898240114,0.17863720073664827,0.01665236051502146,0.18600368324125233,0.017753559500791
5,10,0.13513513513513514,0.19402985074626863,0.015689655172413795,0.13646055437100213,0.01254655949813762,0.19829424307036245,0.01632151632151632,0.14712153518123666,0.01316291491797024,0.19616204690831557,0.01637884991988606,0.010660980810234541,0.6567164179104478,0.5980582524271845,8.502533755059008e-05,0.15351812366737738,0.012680521310320535,0.2260127931769723,0.018194301407483696,0.13219616204690832,0.011012433392539964
5,11,0.09615384615384616,0.25267665952890794,0.020390530499395196,0.18629550321199145,0.01708562450903378,0.19914346895074947,0.01641949152542373,0.13490364025695933,0.012539808917197453,0.22269807280513923,0.018611309949892626,0.010706638115631691,0.6531049250535332,0.5854126679462572,8.504703100814751e-05,0.19700214132762314,0.016208597603946443,0.22269807280513923,0.017799075817217184,0.15845824411134904,0.013035053725559274
5,12,0.19148936170212766,0.18312387791741472,0.01752276241195671,0.15798922800718132,0.017197576705100644,0.19928186714542193,0.01954569466455362,0.13824057450628366,0.014887857695282291,0.17055655296229802,0.01675485008818342,0.01615798922800718,0.6337522441651706,0.6236749116607774,0.00015307163752636233,0.17594254937163376,0.017126878713736454,0.18491921005385997,0.01765209940017138,0.1490125673249551,0.014716312056737589
5,13,0.043478260869565216,0.21910112359550563,0.020116918844566713,0.16292134831460675,0.01725505751685839,0.2153558052434457,0.020034843205574915,0.1685393258426966,0.01917341286749041,0.2378277153558052,0.022674522406713086,0.003745318352059925,0.6292134831460674,0.6292134831460674,3.401534091875436e-05,0.1835205992509363,0.01715686274509804,0.21161048689138576,0.019479400103430442,0.17228464419475656,0.016422706176365584
5,14,0.027777777777777776,0.16488222698072807,0.013221153846153846,0.14132762312633834,0.013373860182370821,0.17987152034261245,0.014835747085835394,0.11777301927194862,0.010534380386899063,0.11777301927194862,0.009853099247581511,0.0021413276231263384,0.6723768736616703,0.5880149812734081,1.7004778342714304e-05,0.13062098501070665,0.010673665791776029,0.1563169164882227,0.012540800549733723,0.11991434689507495,0.009847019518199402
5,15,0.06666666666666667,0.2914285714285714,0.02631126397248495,0.21333333333333332,0.022866476112699062,0.27999999999999997,0.026175213675213672,0.2057142857142857,0.021398850802456907,0.2761904761904762,0.025842095883086794,0.005714285714285714,0.5676190476190476,0.5912698412698413,5.1022143610326885e-05,0.2514285714285714,0.023198594024604568,0.2876190476190476,0.025816378868182593,0.22285714285714286,0.02084818246614398
5,16,0.12698412698412698,0.19693654266958424,0.015461260951726506,0.15536105032822756,0.014023306340114554,0.2100656455142232,0.017094017094017092,0.13566739606126915,0.012343221182560222,0.2035010940919037,0.016390553401480434,0.0175054704595186,0.6477024070021882,0.5769980506822613,0.00013610071452875127,0.18599562363238514,0.014756944444444446,0.21444201312910283,0.01678082191780822,0.13566739606126915,0.01091357155430382
5,17,0.06818181818181818,0.17684210526315788,0.014452856159669649,0.11578947368421053,0.010773751224289911,0.1368421052631579,0.011555555555555555,0.13052631578947368,0.012140199725866458,0.1473684210526316,0.012617159336697908,0.00631578947368421,0.7073684210526315,0.6176470588235293,5.102127587203864e-05,0.11789473684210526,0.009720534629404616,0.17684210526315788,0.014405762304921969,0.10105263157894737,0.008398950131233596
5,18,0.09523809523809523,0.20833333333333334,0.01891984864121087,0.14772727272727273,0.01515740380878352,0.20265151515151517,0.019083288746210094,0.14393939393939395,0.015334947538337368,0.17613636363636365,0.016747703943814155,0.007575757575757576,0.5984848484848485,0.5984848484848485,6.802605397867383e-05,0.17613636363636365,0.016304347826086956,0.1893939393939394,0.017152658662092625,0.14962121212121213,0.013816019587268276
5,19,0.0196078431372549,0.21311475409836064,0.017759562841530054,0.15983606557377047,0.015470051566838556,0.23565573770491802,0.02046991812032752,0.15983606557377047,0.015990159901599015,0.22131147540983603,0.019030837004405287,0.0020491803278688526,0.6393442622950819,0.5853658536585366,1.7009116886651246e-05,0.16598360655737704,0.014055179593961478,0.24180327868852455,0.0202020202020202,0.17622950819672129,0.015159527586814736
5,20,0.19047619047619047,0.1910569105691057,0.01615397834679498,0.1361788617886179,0.013373253493013972,0.1869918699186992,0.01627166607711355,0.12804878048780488,0.012542305395182161,0.17886178861788618,0.0155257586450247,0.016260162601626018,0.6707317073170732,0.6122448979591837,0.00013605210795734766,0.16056910569105692,0.013859649122807018,0.19308943089430894,0.01626990923103271,0.1626016260162602,0.01398112548060119
6,1,0.0,0.1616341030195382,0.01561963611397185,0.15097690941385436,0.017064846416382253,0.16696269982238013,0.01671111111111111,0.152753108348135,0.017713697219361484,0.15985790408525755,0.01612325331422429,0.0,0.6323268206039077,0.660482374768089,0.0,0.16696269982238013,0.01649122807017544,0.16873889875666076,0.01624764836668377,0.1349911190053286,0.01329136061559986
6,2,0.18181818181818182,0.21121495327102804,0.01944253269098417,0.16448598130841122,0.017550857598723574,0.19065420560747662,0.017929337317630516,0.16635514018691588,0.017492138364779874,0.20186915887850468,0.019125199220825218,0.011214953271028037,0.605607476635514,0.6377952755905513,0.00010202346539704132,0.18317757009345795,0.017241379310344827,0.19999999999999998,0.01836909871244635,0.17383177570093458,0.01633585104514316
6,3,0.08888888888888889,0.2232304900181488,0.02111587982832618,0.13611615245009076,0.01491943505072608,0.19056261343012704,0.018551236749116608,0.12159709618874773,0.01415891800507185,0.1869328493647913,0.01854185418541854,0.007259528130671506,0.5916515426497277,0.63671875,6.802952481376918e-05,0.1560798548094374,0.015027083697361525,0.19782214156079855,0.018642038652300325,0.1560798548094374,0.015327036178934236
6,4,0.023809523809523808,0.2160278745644599,0.02132782937736498,0.14634146341463414,0.01702817757956619,0.16724738675958187,0.017003188097768334,0.1759581881533101,0.020441206233555963,0.16376306620209058,0.01672300302437289,0.0017421602787456446,0.602787456445993,0.6395563770794824,1.7006513494668457e-05,0.1602787456445993,0.01616587594447373,0.18989547038327526,0.01871887343293835,0.17770034843205573,0.018033946251768032
6,5,0.15217391304347827,0.19385796545105566,0.01738382099827883,0.14587332053742802,0.014484467314655993,0.199616122840691,0.018204095921582356,0.11708253358925146,0.01212482607831445,0.1727447216890595,0.016039921582605594,0.013435700575815739,0.6333973128598849,0.642023346303502,0.00011905369321564026,0.15355086372360846,0.013976240391334731,0.2092130518234165,0.018667580065079636,0.11324376199616122,0.010380014074595354
6,6,0.15,0.16338582677165356,0.014251373626373626,0.10433070866141733,0.0102892642205397,0.15748031496062995,0.014025245441795233,0.12992125984251968,0.013064133016627079,0.1830708661417323,0.016610108948026434,0.011811023622047244,0.6614173228346457,0.6601178781925343,0.00010203561042803938,0.12795275590551183,0.011465866995942847,0.15944881889763782,0.013910355486862442,0.12007874015748034,0.010625326598153633
6,7,0.02631578947368421,0.14609053497942387,0.01224982746721877,0.12962962962962965,0.012691377921031427,0.1522633744855967,0.013028169014084507,0.1213991769547325,0.011764705882352941,0.13580246913580246,0.011743772241992882,0.00205761316872428,0.6728395061728395,0.6216730038022813,1.7005356687356518e-05,0.1316872427983539,0.011173184357541898,0.17078189300411523,0.014268523293794052,0.12962962962962965,0.011302475780409042
6,8,0.17073170731707318,0.16599999999999998,0.014302946751680165,0.162,0.015857478465152702,0.164,0.014467184191954833,0.17,0.017936273475416757,0.144,0.012831937266084475,0.014,0.632,0.632,0.00011904356994660046,0.16599999999999998,0.014500349406009782,0.164,0.014062767964328588,0.162,0.014331210191082803
6,9,0.11627906976744186,0.19823008849557522,0.019204389574759947,0.14513274336283186,0.01604696673189824,0.15575221238938053,0.015317667536988685,0.1646017699115044,0.018704746580852777,0.17699115044247787,0.017458100558659217,0.008849557522123894,0.6088495575221239,0.6277372262773723,8.503401360544217e-05,0.1823008849557522,0.01794737759191497,0.16991150442477876,0.016480686695278968,0.16991150442477876,0.016874670416593428
6,10,0.13513513513513514,0.18273092369477908,0.015689655172413795,0.1325301204819277,0.01293863948245442,0.18072289156626503,0.015795015795015795,0.13453815261044175,0.012781381152231971,0.19076305220883533,0.016912942852056256,0.010040160642570281,0.6566265060240963,0.6349514563106795,8.502533755059008e-05,0.1465863453815261,0.012856639661852767,0.22489959839357426,0.01922416752488843,0.12449799196787147,0.011012433392539964
6,11,0.1346153846153846,0.2520491803278688,0.021254536029030584,0.18237704918032785,0.017478397486252947,0.19262295081967212,0.016596045197740113,0.1290983606557377,0.012539808917197453,0.21721311475409835,0.01896921975662133,0.014344262295081968,0.6352459016393442,0.5950095969289828,0.00011906584341140651,0.18237704918032785,0.015680056377730796,0.21516393442622947,0.017970220776998117,0.15983606557377047,0.013739651224238153
6,12,0.19148936170212766,0.17137809187279152,0.016663803470194125,0.1413427561837456,0.015634160641000587,0.1890459363957597,0.018841345307272404,0.127208480565371,0.013921113689095129,0.15901060070671377,0.015873015873015872,0.015901060070671377,0.6254416961130742,0.6254416961130742,0.00015307163752636233,0.16254416961130744,0.01607829430269137,0.1696113074204947,0.016452442159383032,0.13780918727915192,0.013829787234042552
6,13,0.043478260869565216,0.20257826887661143,0.01891334250343879,0.1546961325966851,0.016660055533518445,0.20257826887661143,0.019163763066202093,0.1565377532228361,0.018108223263740945,0.21731123388581952,0.021067666488127117,0.003683241252302026,0.6261510128913444,0.6367041198501873,3.401534091875436e-05,0.17311233885819524,0.016456582633053222,0.1988950276243094,0.018617479744871573,0.16574585635359115,0.01606569082470546
6,14,0.027777777777777776,0.1670103092783505,0.013907967032967032,0.13195876288659794,0.012968591691995948,0.18350515463917527,0.01571882726951607,0.10927835051546392,0.010151312009193642,0.12989690721649486,0.011286277319957004,0.002061855670103093,0.6721649484536082,0.6104868913857677,1.7004778342714304e-05,0.12577319587628866,0.010673665791776029,0.16288659793814433,0.013571551279848824,0.1134020618556701,0.009671179883945842
6,15,0.06666666666666667,0.28917910447761197,0.02665520206362855,0.2126865671641791,0.023274806043282973,0.27798507462686567,0.02653133903133903,0.20522388059701493,0.02179512581731722,0.27798507462686567,0.026554981286758154,0.005597014925373134,0.5578358208955224,0.5932539682539681,5.1022143610326885e-05,0.24813432835820895,0.02337434094903339,0.28544776119402987,0.026158317661138658,0.22014925373134328,0.021026372059871703
6,16,0.12698412698412698,0.19301848049281317,0.016148428105136576,0.1457905544147844,0.014023306340114554,0.2073921971252567,0.017984330484330485,0.1375770020533881,0.013338642245669918,0.20533880903490762,0.017624250969333802,0.01642710472279261,0.6386036960985627,0.6062378167641326,0.00013610071452875127,0.17864476386036962,0.015104166666666669,0.2073921971252567,0.017294520547945207,0.13963039014373718,0.01196972364020419
6,17,0.06818181818181818,0.1642710472279261,0.013764624913971096,0.11293634496919919,0.010773751224289911,0.12525667351129366,0.010844444444444445,0.1273100616016427,0.012140199725866458,0.13552361396303902,0.011896178803172312,0.006160164271047228,0.698151950718686,0.625,5.102127587203864e-05,0.11498973305954827,0.009720534629404616,0.16221765913757702,0.013548276453438517,0.10266940451745381,0.008748906386701663
6,18,0.11904761904761904,0.19163763066202089,0.01891984864121087,0.1480836236933798,0.016517683637776913,0.18989547038327526,0.019439985732120565,0.14459930313588848,0.01674737691686844,0.16376306620209058,0.016927786781919682,0.008710801393728223,0.5679442508710801,0.6174242424242424,8.503256747334229e-05,0.17247386759581881,0.0173562412342216,0.18118466898954702,0.01783876500857633,0.156794425087108,0.015739769150052464
6,19,0.0196078431372549,0.20784313725490197,0.018101092896174863,0.16666666666666669,0.016858389527965093,0.23725490196078433,0.02153791384834461,0.16470588235294117,0.01722017220172202,0.2196078431372549,0.01973568281938326,0.00196078431372549,0.6196078431372549,0.5928705440900564,1.7009116886651246e-05,0.16862745098039214,0.014922783272601076,0.24117647058823527,0.021058038007190548,0.1784313725490196,0.01604089546976908
6,20,0.19047619047619047,0.18217054263565893,0.01615397834679498,0.12015503875968993,0.012375249500998003,0.17829457364341086,0.01627166607711355,0.11821705426356591,0.012144136969938284,0.16279069767441862,0.014820042342978122,0.015503875968992248,0.6627906976744186,0.634508348794063,0.00013605210795734766,0.1492248062015504,0.013508771929824562,0.18023255813953487,0.015927384826168865,0.1492248062015504,0.013456833275078644
7,1,0.0,0.18197573656845753,0.018022657054582905,0.17677642980935876,0.020477815699658702,0.18717504332755633,0.0192,0.16811091854419413,0.019979402677651907,0.17850953206239167,0.018452167681834466,0.0,0.5043327556325823,0.5398886827458256,0.0,0.18197573656845753,0.01842105263157895,0.18370883882149047,0.018128955019668207,0.15944540727902948,0.01608954179783141
7,2,0.15151515151515152,0.223463687150838,0.02064693737095664,0.19553072625698326,0.02094136418029517,0.2122905027932961,0.02003867111970469,0.2011173184357542,0.02122641509433962,0.2122905027932961,0.02018771028864884,0.00931098696461825,0.4655493482309125,0.4921259842519686,8.501955449753443e-05,0.21415270018621974,0.02023223082336383,0.21787709497206706,0.020085836909871247,0.20297951582867785,0.019146320042157036
7,3,0.08888888888888889,0.23985239852398527,0.022317596566523604,0.16605166051660517,0.017903322060871293,0.21033210332103322,0.020141342756183747,0.16051660516605168,0.018385460693153,0.21217712177121772,0.020702070207020702,0.007380073800738007,0.466789667896679,0.494140625,6.802952481376918e-05,0.1881918819188192,0.017822820199196225,0.22140221402214022,0.02052334530528476,0.1863468634686347,0.018000356442701836
7,4,0.023809523809523808,0.235191637630662,0.023219814241486066,0.16202090592334492,0.01885262517737685,0.2038327526132404,0.020722635494155157,0.19163763066202089,0.022262699858328273,0.19163763066202089,0.019569471624266144,0.0017421602787456446,0.47212543554006964,0.5009242144177449,1.7006513494668457e-05,0.1759581881533101,0.01774732033034616,0.22125435540069682,0.02181006354113,0.20209059233449478,0.02050919377652051
7,5,0.15217391304347827,0.21135029354207438,0.01858864027538726,0.16634050880626225,0.016199733180865258,0.22504892367906068,0.020129529144057412,0.1330724070450098,0.013516199562711191,0.19373776908023485,0.017643913740866157,0.0136986301369863,0.5048923679060665,0.5019455252918288,0.00011905369321564026,0.1761252446183953,0.015723270440251572,0.22504892367906068,0.019695153279671175,0.1330724070450098,0.011963406052076004
7,6,0.15,0.1814595660749507,0.015796703296703296,0.13609467455621302,0.0133954571927781,0.17751479289940827,0.015778401122019635,0.15581854043392507,0.01563737133808393,0.19723865877712032,0.01786033220217896,0.011834319526627219,0.5207100591715976,0.5186640471512769,0.00010203561042803938,0.15581854043392507,0.013935438348915153,0.1755424063116371,0.015284217757169845,0.15581854043392507,0.013760668873018638
7,7,0.02631578947368421,0.1738197424892704,0.013975155279503104,0.16952789699570817,0.015914585012087028,0.1888412017167382,0.015492957746478873,0.16523605150214593,0.01535393818544367,0.16952789699570817,0.01405693950177936,0.002145922746781116,0.536480686695279,0.4752851711026616,1.7005356687356518e-05,0.16738197424892703,0.013617318435754188,0.20386266094420602,0.01633144232422211,0.1609442060085837,0.013455328310010764
7,8,0.12195121951219512,0.18292682926829268,0.015509219369291746,0.17886178861788618,0.017227877838684416,0.17479674796747968,0.01517290049400141,0.1869918699186992,0.019413378349862842,0.15650406504065043,0.013723044020673677,0.01016260162601626,0.508130081300813,0.5,8.50311213904289e-05,0.17682926829268295,0.015199161425576521,0.17886178861788618,0.015091750986108727,0.17886178861788618,0.01556970983722576
7,9,0.11627906976744186,0.20390070921985815,0.019718792866941014,0.17198581560283688,0.01898238747553816,0.16666666666666666,0.01636205395996519,0.19326241134751773,0.02192276749798874,0.1826241134751773,0.017981843575418995,0.008865248226950355,0.48758865248226946,0.5018248175182483,8.503401360544217e-05,0.2074468085106383,0.020386826973340304,0.17730496453900707,0.017167381974248927,0.2074468085106383,0.02056600457022324
7,10,0.13513513513513514,0.20537428023032628,0.018448275862068965,0.15547024952015354,0.015879239364830426,0.19769673704414586,0.018076518076518076,0.15930902111324374,0.015833651278138114,0.21113243761996162,0.019583407512907245,0.009596928982725527,0.5143953934740882,0.5203883495145631,8.502533755059008e-05,0.16506717850287908,0.01514617823177175,0.23224568138195778,0.02076896670099554,0.14587332053742802,0.01349911190053286
7,11,0.1346153846153846,0.25844930417495027,0.022464143770520133,0.19284294234592445,0.01904948939512962,0.20477137176938368,0.01818502824858757,0.147117296222664,0.014729299363057325,0.2306163021868787,0.020758768790264854,0.013916500994035786,0.4850894632206759,0.4683301343570058,0.00011906584341140651,0.19880715705765406,0.017618040873854827,0.22862823061630216,0.019681670374807465,0.17892644135188865,0.01585344372027479
7,12,0.14893617021276595,0.20774647887323944,0.020271431025596975,0.17781690140845072,0.01973812780926324,0.22007042253521128,0.02201091741503786,0.1602112676056338,0.017594740912606342,0.19014084507042256,0.01904761904761905,0.01232394366197183,0.5017605633802817,0.5035335689045937,0.0001190557180760596,0.19190140845070425,0.01904928346731912,0.20950704225352113,0.020394173093401885,0.17253521126760565,0.017375886524822696
7,13,0.021739130434782608,0.22990654205607475,0.021148555708390644,0.17943925233644858,0.019040063466878223,0.23177570093457942,0.021602787456445994,0.18130841121495328,0.02066467831273967,0.2355140186915888,0.022495982860203538,0.001869158878504673,0.5345794392523364,0.5355805243445693,1.700767045937718e-05,0.19813084112149532,0.018557422969187675,0.22990654205607475,0.02120324082054818,0.18691588785046728,0.017850767583006067
7,14,0.027777777777777776,0.17479674796747968,0.014766483516483516,0.15243902439024393,0.015197568389057753,0.1910569105691057,0.01660190745319675,0.12804878048780488,0.012066653897720745,0.1443089430894309,0.012719455392332496,0.0020325203252032522,0.5142276422764228,0.47378277153558046,1.7004778342714304e-05,0.1402439024390244,0.012073490813648294,0.18089430894308944,0.015289469163373991,0.13414634146341464,0.011605415860735008
7,15,0.06666666666666667,0.29981378026070765,0.027687016337059327,0.23649906890130354,0.0259289505920784,0.29050279329608936,0.027777777777777776,0.23649906890130354,0.025163463443629876,0.2942271880819367,0.028158973445018713,0.00558659217877095,0.45623836126629425,0.4861111111111111,5.1022143610326885e-05,0.2793296089385475,0.026362038664323375,0.297951582867784,0.02735510343648487,0.2495344506517691,0.023877405559515324
7,16,0.12698412698412698,0.2150101419878296,0.018209929565366777,0.19066937119675456,0.018566067548884062,0.23123732251521295,0.020299145299145296,0.17444219066937117,0.01712124228548676,0.21906693711967543,0.019034191046880505,0.016227180527383367,0.511156186612576,0.4912280701754387,0.00013610071452875127,0.21703853955375252,0.01857638888888889,0.23326572008113589,0.01969178082191781,0.17241379310344826,0.014962154550255237
7,17,0.06818181818181818,0.183206106870229,0.016517549896765314,0.12786259541984732,0.013124387855044073,0.1431297709923664,0.013333333333333334,0.1316793893129771,0.01351086743685138,0.16030534351145037,0.01514059120403749,0.0057251908396946565,0.5534351145038168,0.5330882352941176,5.102127587203864e-05,0.12786259541984732,0.011629925360180524,0.1812977099236641,0.016292231178185557,0.10687022900763357,0.009798775153105862
7,18,0.09523809523809523,0.19999999999999998,0.019779841761265907,0.16521739130434782,0.018460940536338902,0.19999999999999998,0.02051007668985197,0.1617391304347826,0.01876513317191283,0.17739130434782607,0.01836844948676391,0.006956521739130435,0.47478260869565214,0.5170454545454546,6.802605397867383e-05,0.19652173913043477,0.019810659186535764,0.19130434782608693,0.018867924528301886,0.17565217391304347,0.017663518712836657
7,19,0.0196078431372549,0.22736030828516374,0.020150273224043714,0.19653179190751444,0.02023006743355811,0.25818882466281307,0.02385190459238163,0.19267822736030826,0.02050020500205002,0.23699421965317916,0.021674008810572687,0.0019267822736030828,0.46050096339113683,0.44840525328330216,1.7009116886651246e-05,0.20423892100192678,0.01839319798715947,0.25626204238920997,0.022770073617531243,0.2138728323699422,0.01956636700158646
7,20,0.19047619047619047,0.20944558521560575,0.01752878501460732,0.1642710472279261,0.01596806387225549,0.2176591375770021,0.01874778917580474,0.1540041067761807,0.014931315946645431,0.1991786447638604,0.0171136203246295,0.01642710472279261,0.5359342915811088,0.48423005565862703,0.00013605210795734766,0.19301848049281317,0.01649122807017544,0.21355236139630393,0.01781126905292002,0.18275154004106778,0.015554002097168822
8,1,0.0,0.1771217712177122,0.016477857878475798,0.1752767527675277,0.01907247540654487,0.18450184501845018,0.017777777777777778,0.16051660516605168,0.01791967044284243,0.1752767527675277,0.017018989609458975,0.0,0.5553505535055351,0.5584415584415584,0.0,0.1863468634686347,0.017719298245614037,0.1900369003690037,0.017615871387036085,0.15867158671586717,0.01504022385449458
8,2,0.18181818181818182,0.2198443579766537,0.01944253269098417,0.1848249027237354,0.018946948544076584,0.20622568093385213,0.018632448584988574,0.1848249027237354,0.01867138364779874,0.2140077821011673,0.019479369576766426,0.011673151750972763,0.5350194552529183,0.5413385826771654,0.00010202346539704132,0.20817120622568092,0.018824771287825476,0.21206225680933852,0.018712446351931332,0.19649805447470817,0.017741085543650097
8,3,0.08888888888888889,0.24672897196261678,0.02266094420600858,0.16448598130841122,0.0175054704595186,0.21495327102803738,0.02031802120141343,0.15327102803738318,0.017328825021132713,0.22056074766355138,0.02124212421242124,0.007476635514018692,0.5289719626168224,0.552734375,6.802952481376918e-05,0.18691588785046728,0.017473353136466887,0.22056074766355138,0.02018128955019668,0.18317757009345795,0.017465692389948315
8,4,0.023809523809523808,0.23623445825932504,0.02287581699346405,0.15452930728241565,0.01763632677883641,0.19538188277087035,0.019482819695359546,0.18117229129662524,0.020643594414086218,0.18117229129662524,0.018146237324319515,0.0017761989342806395,0.5328596802841918,0.5545286506469501,1.7006513494668457e-05,0.16873889875666076,0.016693024073097872,0.21314387211367675,0.020607934054611025,0.19005328596802842,0.018917963224893915
8,5,0.15217391304347827,0.21285140562248994,0.018244406196213425,0.15863453815261042,0.015056222603392415,0.22289156626506024,0.01942937160861194,0.1285140562248996,0.012721129000198766,0.19477911646586343,0.017287471039030475,0.014056224899598393,0.5783132530120482,0.5603112840466926,0.00011905369321564026,0.16666666666666663,0.014500349406009782,0.22690763052208834,0.01935262887480733,0.1285140562248996,0.011259676284306826
8,6,0.1,0.16901408450704228,0.014423076923076924,0.11670020120724348,0.011259949524364201,0.16297786720321933,0.014200561009817671,0.1448692152917505,0.014251781472684086,0.18309859154929578,0.016252902303982852,0.008048289738430584,0.5995975855130785,0.5854616895874263,6.802374028535959e-05,0.13883299798792756,0.012171458811077791,0.164989939637827,0.01408208827065087,0.13682092555331993,0.011844626371712247
8,7,0.0,0.16447368421052633,0.012939958592132506,0.14692982456140352,0.013497179693795327,0.1754385964912281,0.014084507042253523,0.13815789473684212,0.01256231306081755,0.15350877192982457,0.012455516014234877,0.0,0.6359649122807018,0.5513307984790875,0.0,0.14473684210526316,0.011522346368715082,0.19298245614035087,0.015128072889805742,0.14473684210526316,0.01184068891280947
8,8,0.12195121951219512,0.1733615221987315,0.01413062209202137,0.16490486257928116,0.015270164447924821,0.16490486257928116,0.013761467889908256,0.17970401691331925,0.017936273475416757,0.14587737843551796,0.012297273213330956,0.010570824524312896,0.5708245243128963,0.54,8.50311213904289e-05,0.16490486257928116,0.013626834381551363,0.1712473572938689,0.013891270794031896,0.16913319238900634,0.014154281670205238
8,9,0.06976744186046512,0.2122370936902486,0.01903292181069959,0.17017208413001914,0.01741682974559687,0.17208413001912046,0.015665796344647518,0.18164435946462715,0.019106999195494773,0.18738049713193117,0.017108938547486033,0.0057361376673040155,0.5391969407265775,0.5145985401459855,5.102040816326531e-05,0.20841300191204593,0.018992855898240114,0.18546845124282985,0.01665236051502146,0.19311663479923522,0.017753559500791
8,10,0.0,0.20040899795501022,0.016896551724137933,0.15541922290388546,0.014899039404038424,0.20040899795501022,0.0171990171990172,0.16359918200409,0.015261350629530714,0.20654396728016358,0.017981128716396653,0.0,0.5603271983640081,0.5320388349514562,0.0,0.16768916155419222,0.014441704825642833,0.2433537832310838,0.020425677995193958,0.14519427402862983,0.012611012433392538
8,11,0.038461538461538464,0.2740585774058577,0.02263694487644721,0.19665271966527195,0.018460329929300866,0.20920502092050206,0.01765536723163842,0.14225941422594143,0.01353503184713376,0.2405857740585774,0.0205798138869005,0.0041841004184100415,0.5564853556485355,0.510556621880998,3.4018812403259e-05,0.20292887029288703,0.017089499647639183,0.2405857740585774,0.019681670374807465,0.16945606694560666,0.014268099348247312
8,12,0.19148936170212766,0.19892473118279572,0.01906888850712936,0.17204301075268819,0.018760992769200704,0.2114695340501792,0.020778306039795736,0.15412186379928317,0.016627996906419182,0.1756272401433692,0.01728395061728395,0.016129032258064516,0.5627240143369175,0.5547703180212014,0.00015307163752636233,0.1917562724014337,0.018699755330304088,0.1953405017921147,0.018680377035132822,0.1648745519713262,0.016312056737588655
8,13,0.043478260869565216,0.23185483870967744,0.019773039889958734,0.18346774193548387,0.01804839349464498,0.2379032258064516,0.020557491289198607,0.1875,0.019812526629740094,0.25,0.022138903767184432,0.004032258064516129,0.5544354838709677,0.5149812734082397,3.401534091875436e-05,0.20161290322580644,0.01750700280112045,0.2358870967741936,0.02016893639027754,0.19153225806451613,0.016958229203855764
8,14,0.027777777777777776,0.17382413087934562,0.014594780219780222,0.1411042944785276,0.01398176291793313,0.19222903885480572,0.01660190745319675,0.11860940695296524,0.011108982953457193,0.1349693251533742,0.011823719097097812,0.002044989775051125,0.5869120654396728,0.5374531835205992,1.7004778342714304e-05,0.1390593047034765,0.011898512685914261,0.17177914110429446,0.014430510221611407,0.12678936605316973,0.010902057323720767
8,15,0.06666666666666667,0.30857142857142855,0.027858985382631127,0.2323809523809524,0.024908125765618624,0.2895238095238095,0.027065527065527065,0.23047619047619047,0.023974638399048943,0.29333333333333333,0.027446088041347353,0.005714285714285714,0.5009523809523809,0.5218253968253967,5.1022143610326885e-05,0.27999999999999997,0.025834797891036904,0.2971428571428571,0.026671225850572747,0.2457142857142857,0.022986457590876693
8,16,0.09523809523809523,0.20638297872340428,0.016663803470194125,0.1723404255319149,0.015998419909144773,0.22340425531914893,0.018696581196581196,0.14893617021276595,0.013935894883535735,0.21702127659574466,0.017976735988720478,0.01276595744680851,0.5787234042553192,0.5302144249512671,0.00010207553589656345,0.20638297872340428,0.01684027777777778,0.2297872340425532,0.018493150684931507,0.15319148936170213,0.012673825030804437
8,17,0.022727272727272728,0.18125,0.014969029593943566,0.125,0.011753183153770812,0.13958333333333334,0.01191111111111111,0.13749999999999998,0.012923438417857841,0.15625,0.013518385003604902,0.0020833333333333333,0.6083333333333334,0.5367647058823529,1.7007091957346213e-05,0.125,0.010414858531504947,0.17916666666666667,0.014748756645515348,0.1125,0.009448818897637795
8,18,0.11904761904761904,0.19926873857404023,0.018747850017199863,0.15173674588665448,0.016129032258064516,0.1956124314442413,0.019083288746210094,0.14990859232175505,0.016545601291364002,0.1736745886654479,0.01710786962002521,0.009140767824497258,0.5173674588665448,0.5359848484848485,8.503256747334229e-05,0.18098720292504572,0.0173562412342216,0.18829981718464353,0.017667238421955403,0.16453382084095064,0.015739769150052464
8,19,0.0196078431372549,0.21230158730158727,0.018271857923497267,0.16666666666666666,0.016660055533518445,0.2341269841269841,0.021003915984336062,0.1706349206349206,0.017630176301763018,0.22023809523809523,0.019559471365638768,0.001984126984126984,0.5634920634920634,0.5328330206378987,1.7009116886651246e-05,0.17658730158730157,0.015443345479784836,0.2400793650793651,0.02071563088512241,0.18253968253968253,0.01621716904635995
8,20,0.23809523809523808,0.20901639344262293,0.01752878501460732,0.14754098360655737,0.01437125748502994,0.20286885245901637,0.017509727626459144,0.1413934426229508,0.013736810670913795,0.19262295081967212,0.016584333098094567,0.020491803278688523,0.6065573770491802,0.5491651205936919,0.00017006513494668458,0.1680327868852459,0.014385964912280703,0.20696721311475408,0.017297482445624252,0.16393442622950818,0.01398112548060119
9,1,0.0,0.15992292870905586,0.014246481290765533,0.14450867052023122,0.015057217426219635,0.15992292870905586,0.014755555555555555,0.14450867052023122,0.015447991761071063,0.15414258188824662,0.014331780723754926,0.0,0.6608863198458574,0.6363636363636364,0.0,0.16184971098265896,0.01473684210526316,0.15992292870905586,0.014195313836155292,0.1252408477842004,0.01136761105281567
9,2,0.18181818181818182,0.21021611001964635,0.018410185822436337,0.1669941060903733,0.016952532907857996,0.1866404715127701,0.01669889259975391,0.1669941060903733,0.016705974842767295,0.2003929273084479,0.018062688153001594,0.011787819253438114,0.6267190569744596,0.6279527559055118,0.00010202346539704132,0.18467583497053044,0.016537649542575653,0.19646365422396855,0.017167381974248927,0.17092337917485265,0.015281925171262955
9,3,0.08888888888888889,0.22264875239923226,0.019914163090128754,0.13627639155470248,0.014123731848020687,0.18618042226487524,0.017137809187279154,0.12859884836852206,0.01415891800507185,0.18618042226487524,0.017461746174617463,0.007677543186180422,0.6161228406909789,0.626953125,6.802952481376918e-05,0.16314779270633398,0.014852350165996857,0.19385796545105566,0.01727381563194801,0.16122840690978887,0.014970593477098556
9,4,0.023809523809523808,0.21428571428571427,0.019607843137254898,0.13909774436090225,0.015001013581998783,0.16541353383458646,0.015586255756287637,0.16917293233082706,0.01821493624772313,0.16165413533834588,0.015299768724426259,0.0018796992481203006,0.6315789473684211,0.6210720887245841,1.7006513494668457e-05,0.15037593984962408,0.014057283429977157,0.18796992481203006,0.01717327837884252,0.17481203007518797,0.01644271570014144
9,5,0.15217391304347827,0.18891170431211501,0.01583476764199656,0.15195071868583163,0.014103297122165046,0.1971252566735113,0.016803780850691407,0.11704312114989733,0.011329755515802026,0.16837782340862426,0.014614150775262876,0.014373716632443531,0.6550308008213552,0.6206225680933851,0.00011905369321564026,0.15605749486652978,0.013277428371767994,0.2073921971252567,0.017297482445624252,0.11088295687885011,0.009500351864883884
9,6,0.15,0.15625,0.012877747252747254,0.10208333333333333,0.0095127159774801,0.14791666666666667,0.012447405329593268,0.12916666666666665,0.01227236737925574,0.17291666666666666,0.014824075727808536,0.0125,0.69375,0.6542239685658153,0.00010203561042803938,0.12916666666666665,0.010936673134591639,0.15208333333333335,0.012536493216555042,0.11666666666666667,0.009754398188468908
9,7,0.02631578947368421,0.15,0.011904761904761904,0.13695652173913045,0.012691377921031427,0.1565217391304348,0.01267605633802817,0.12826086956521737,0.011764705882352941,0.1391304347826087,0.011387900355871887,0.002173913043478261,0.7086956521739131,0.6197718631178707,1.7005356687356518e-05,0.13260869565217392,0.010649441340782124,0.1739130434782609,0.01375279353618704,0.13695652173913045,0.011302475780409042
9,8,0.17073170731707318,0.17057569296375266,0.013785972772703775,0.15991471215351813,0.014682850430696946,0.16631130063965882,0.013761467889908256,0.17484008528784648,0.017303228529225577,0.14712153518123666,0.012297273213330956,0.014925373134328358,0.6673773987206822,0.626,0.00011904356994660046,0.15991471215351813,0.013102725366876311,0.16631130063965882,0.013376779283141826,0.16417910447761194,0.013623496107572542
9,9,0.11627906976744186,0.1948051948051948,0.01800411522633745,0.15027829313543598,0.015851272015655577,0.15213358070500926,0.014273281114012184,0.16141001855287568,0.017497988736926793,0.17254174397031538,0.01623603351955307,0.00927643784786642,0.6270871985157699,0.6167883211678833,8.503401360544217e-05,0.18738404452690166,0.01759888482313992,0.16512059369202226,0.015278969957081544,0.16697588126159552,0.015820003515556336
9,10,0.13513513513513514,0.18162839248434237,0.015000000000000001,0.12943632567849686,0.01215447951382082,0.17954070981210854,0.015093015093015093,0.13569937369519833,0.012399847386493705,0.19206680584551147,0.01637884991988606,0.010438413361169102,0.674321503131524,0.6271844660194175,8.502533755059008e-05,0.14613778705636743,0.012328284607256077,0.22755741127348644,0.018709234466186064,0.11899791231732776,0.010124333925399645
9,11,0.038461538461538464,0.24945770065075923,0.019872127181613963,0.18872017353579176,0.01708562450903378,0.18655097613882865,0.01518361581920904,0.13882863340563992,0.012738853503184712,0.21691973969631237,0.017895490336435216,0.004338394793926247,0.6594360086767895,0.5834932821497121,3.4018812403259e-05,0.19522776572668113,0.015856236786469344,0.210412147505423,0.016601061098750643,0.1626898047722343,0.013211203100228995
9,12,0.19148936170212766,0.17032967032967034,0.015976636316784056,0.14285714285714285,0.01524330662497557,0.184981684981685,0.01778482127135059,0.12637362637362637,0.013341067285382832,0.1575091575091575,0.015167548500881834,0.016483516483516484,0.6611721611721612,0.6378091872791519,0.00015307163752636233,0.1575091575091575,0.015029709891646276,0.16483516483516483,0.015424164524421594,0.13369963369963372,0.012943262411347519
9,13,0.043478260869565216,0.20235756385068762,0.017709766162310864,0.14341846758349705,0.014478381594605317,0.20628683693516697,0.01829268292682927,0.15324165029469547,0.01661695781849169,0.22396856581532415,0.020353508302088912,0.003929273084479371,0.6601178781925343,0.6292134831460674,3.401534091875436e-05,0.16502946954813358,0.014705882352941176,0.20235756385068762,0.017755559386312705,0.15717092337917485,0.014280614066404856
9,14,0.027777777777777776,0.16163793103448276,0.012877747252747254,0.1336206896551724,0.012563323201621075,0.17887931034482757,0.014659131049099257,0.11206896551724138,0.009959777820340932,0.11637931034482758,0.009673951988534575,0.0021551724137931034,0.6939655172413792,0.6029962546816479,1.7004778342714304e-05,0.1314655172413793,0.010673665791776029,0.15301724137931033,0.01219721697302869,0.11853448275862068,0.009671179883945842
9,15,0.06666666666666667,0.2748538011695907,0.02424763542562339,0.20077972709551659,0.021028991425071458,0.26705653021442494,0.024394586894586893,0.19688109161793374,0.020011888250445812,0.26510721247563357,0.024238103724826234,0.005847953216374269,0.6003898635477584,0.611111111111111,5.1022143610326885e-05,0.2436647173489279,0.021968365553602813,0.27290448343079926,0.023935715506924263,0.21247563352826515,0.01942266571632217
9,16,0.12698412698412698,0.20087336244541487,0.015804844528431543,0.15502183406113537,0.014023306340114554,0.2052401746724891,0.01673789173789174,0.14192139737991266,0.012940473820426039,0.21397379912663755,0.017271765949947126,0.017467248908296942,0.6768558951965066,0.6042884990253412,0.00013610071452875127,0.18777292576419213,0.014930555555555556,0.21179039301310046,0.01660958904109589,0.14192139737991266,0.011441647597254006
9,17,0.06818181818181818,0.16666666666666663,0.013420509291121816,0.10897435897435896,0.00999020568070519,0.13034188034188035,0.010844444444444445,0.1282051282051282,0.011748580379870767,0.13888888888888887,0.011715933669790915,0.00641025641025641,0.7179487179487178,0.6176470588235293,5.102127587203864e-05,0.1111111111111111,0.009026210727304288,0.1688034188034188,0.013548276453438517,0.09829059829059829,0.00804899387576553
9,18,0.11904761904761904,0.19193857965451055,0.017199862401100788,0.1420345489443378,0.014380101049358723,0.18618042226487524,0.01729980381665775,0.14395393474088292,0.01513317191283293,0.15930902111324374,0.014946875562758867,0.009596928982725527,0.6295585412667947,0.6212121212121213,8.503256747334229e-05,0.1708253358925144,0.015603085553997196,0.1746641074856046,0.015608919382504288,0.14971209213051823,0.013641133263378803
9,19,0.0196078431372549,0.20696721311475408,0.01724726775956284,0.15983606557377047,0.015470051566838556,0.2315573770491803,0.020113919544321825,0.15983606557377047,0.015990159901599015,0.21926229508196718,0.01885462555066079,0.0020491803278688526,0.6618852459016393,0.6060037523452159,1.7009116886651246e-05,0.16598360655737704,0.014055179593961478,0.23975409836065573,0.020030816640986136,0.17622950819672129,0.015159527586814736
9,20,0.30952380952380953,0.18309859154929578,0.015638425846365354,0.11670020120724348,0.01157684630738523,0.17706237424547283,0.015564202334630349,0.11468812877263582,0.011347800119450526,0.16297786720321933,0.014290755116443189,0.026156941649899398,0.6921529175050302,0.6382189239332096,0.00022108467543068995,0.14084507042253522,0.012280701754385967,0.18511066398390344,0.01575612262373694,0.1448692152917505,0.01258301293254107
10,1,0.0,0.16974789915966387,0.017336079642979747,0.1680672268907563,0.02007628990162618,0.1781512605042017,0.018844444444444445,0.15966386554621848,0.01956745623069001,0.1680672268907563,0.017914725904693656,0.0,0.6,0.6623376623376622,0.0,0.17983193277310922,0.018771929824561405,0.17983193277310922,0.018299982897212245,0.1495798319327731,0.015564882826162994
10,2,0.18181818181818182,0.21180555555555558,0.020991052993805923,0.18055555555555555,0.020741922616673316,0.19444444444444445,0.019687115486025662,0.17881944444444445,0.0202437106918239,0.19965277777777776,0.020364795466619443,0.010416666666666666,0.5677083333333333,0.6437007874015749,0.00010202346539704132,0.2065972222222222,0.020935960591133004,0.2065972222222222,0.02042918454935622,0.18923611111111113,0.019146320042157036
10,3,0.08888888888888889,0.22735042735042732,0.02283261802575107,0.15897435897435896,0.01850009946290034,0.19829059829059828,0.020494699646643112,0.15213675213675212,0.018808114961961116,0.2017094017094017,0.02124212421242124,0.006837606837606838,0.5675213675213675,0.6484375,6.802952481376918e-05,0.1829059829059829,0.01869648785601957,0.2017094017094017,0.02018128955019668,0.1794871794871795,0.018713241846373196
10,4,0.023809523809523808,0.23076923076923078,0.024251805985552117,0.15057283142389527,0.01864990877762011,0.19476268412438624,0.02107686857952533,0.1783960720130933,0.022060311677798018,0.18003273322422259,0.019569471624266144,0.0016366612111292963,0.5793780687397708,0.6543438077634011,1.7006513494668457e-05,0.16202945990180034,0.01739588824459673,0.21112929623567922,0.022153529108706854,0.18494271685761046,0.019978783592644978
10,5,0.13043478260869565,0.1977818853974122,0.01841652323580034,0.16081330868761554,0.016580903373356205,0.21256931608133087,0.020129529144057412,0.12384473197781885,0.013317431922083085,0.18114602587800369,0.017465692389948315,0.011090573012939002,0.6081330868761553,0.6400778210116731,0.00010204602275626308,0.16820702402957485,0.015897973445143255,0.21441774491682072,0.0198664154821031,0.12939001848428835,0.012315270935960592
10,6,0.1,0.16448598130841122,0.01510989010989011,0.12336448598130839,0.0128130460104834,0.16261682242990655,0.015252454417952315,0.14018691588785048,0.014845605700712592,0.18130841121495328,0.017324522236113592,0.007476635514018692,0.6504672897196262,0.6836935166994106,6.802374028535959e-05,0.14579439252336446,0.013759040395131416,0.16448598130841122,0.01511248497338142,0.12897196261682242,0.01201881205364919
10,7,0.02631578947368421,0.14951456310679612,0.013285024154589372,0.14563106796116504,0.015108783239323128,0.15728155339805824,0.01426056338028169,0.13980582524271845,0.014356929212362913,0.141747572815534,0.012989323843416372,0.001941747572815534,0.6601941747572816,0.6463878326996199,1.7005356687356518e-05,0.1436893203883495,0.01291899441340782,0.17281553398058253,0.015299982809008081,0.14757281553398058,0.013634732687477573
10,8,0.17073170731707318,0.17077798861480076,0.015509219369291746,0.18026565464895636,0.01859827721221613,0.1650853889943074,0.015349329569513055,0.18975332068311196,0.02110149820637265,0.1461100569259962,0.013723044020673677,0.013282732447817837,0.6129032258064516,0.646,0.00011904356994660046,0.18026565464895636,0.016596785464709992,0.16698292220113853,0.015091750986108727,0.1821631878557875,0.016985138004246284
10,9,0.11627906976744186,0.19800332778702162,0.02040466392318244,0.16971713810316139,0.019960861056751468,0.15973377703826955,0.01671018276762402,0.18136439267886856,0.02192276749798874,0.17803660565723792,0.018680167597765363,0.008319467554076539,0.5806988352745424,0.6368613138686132,8.503401360544217e-05,0.20632279534109815,0.02160655166405297,0.1713810316139767,0.017682403433476393,0.1896838602329451,0.02003867111970469
10,10,0.13513513513513514,0.1996370235934664,0.01896551724137931,0.14519056261343014,0.015683199372672027,0.19237749546279492,0.018603018603018603,0.15970961887477314,0.016787485692483783,0.1996370235934664,0.019583407512907245,0.009074410163339383,0.6079854809437387,0.6504854368932039,8.502533755059008e-05,0.15970961887477314,0.01549841493483621,0.22686025408348456,0.021455544112598698,0.1397459165154265,0.013676731793960924
10,11,0.09615384615384616,0.266173752310536,0.024883359253499222,0.19593345656192238,0.02081696779261587,0.20517560073937155,0.019597457627118644,0.1478743068391867,0.01592356687898089,0.23105360443622922,0.022369362920544023,0.009242144177449169,0.5878003696857671,0.6103646833013436,8.504703100814751e-05,0.20702402957486135,0.019732205778717406,0.23290203327171904,0.021564264932397742,0.17375231053604437,0.016558041218953674
10,12,0.10638297872340426,0.18971061093247588,0.020271431025596975,0.16559485530546625,0.020128981825288255,0.2009646302250804,0.02201091741503786,0.14790996784565918,0.017788089713843776,0.1672025723472669,0.01834215167548501,0.008038585209003215,0.5964630225080386,0.6554770318021201,8.503979862575686e-05,0.18488745980707397,0.020097867878364206,0.19292604501607719,0.020565552699228794,0.1607717041800643,0.01773049645390071
10,13,0.043478260869565216,0.22782608695652173,0.02252407152682256,0.17913043478260868,0.02042840142800476,0.22782608695652173,0.022822299651567946,0.17565217391304347,0.021516829995739242,0.2417391304347826,0.024816996964827708,0.0034782608695652175,0.608695652173913,0.6554307116104868,3.401534091875436e-05,0.19478260869565217,0.0196078431372549,0.2226086956521739,0.02206516117910705,0.1826086956521739,0.01874330596215637
10,14,0.027777777777777776,0.16446124763705103,0.014938186813186814,0.1436672967863894,0.015400202634245188,0.18147448015122872,0.016955139526669022,0.12476370510396974,0.012641256464278872,0.1266540642722117,0.01200286635614475,0.001890359168241966,0.6313799621928166,0.6254681647940075,1.7004778342714304e-05,0.13988657844990546,0.01294838145231846,0.16257088846880907,0.014774093798316441,0.1266540642722117,0.01178125549498857
10,15,0.06666666666666667,0.2949389179755672,0.02906276870163371,0.22687609075043633,0.02654144548795427,0.28097731239092494,0.028668091168091166,0.22338568935427575,0.025361600951060034,0.2844677137870855,0.029050080199607912,0.005235602094240838,0.5445026178010471,0.619047619047619,5.1022143610326885e-05,0.2670157068062827,0.026889279437609843,0.2844677137870855,0.02786801162591896,0.23909249563699825,0.024411974340698504
10,16,0.07936507936507936,0.20114942528735633,0.018038137777014258,0.17624521072796936,0.018171044835078018,0.21455938697318008,0.019943019943019943,0.16091954022988506,0.016723073860242882,0.20689655172413796,0.019034191046880505,0.009578544061302681,0.6053639846743295,0.6159844054580897,8.506294658046955e-05,0.210727969348659,0.019097222222222224,0.21455938697318008,0.019178082191780823,0.157088122605364,0.014434078507305053
10,17,0.06818181818181818,0.17669902912621357,0.01565726083964212,0.1203883495145631,0.012144955925563172,0.13592233009708737,0.012444444444444444,0.13398058252427184,0.01351086743685138,0.1533980582524272,0.014239365537130497,0.005825242718446602,0.6737864077669903,0.6378676470588235,5.102127587203864e-05,0.12233009708737864,0.010935601458080195,0.17281553398058253,0.015263248156405418,0.1087378640776699,0.009798775153105862
10,18,0.11904761904761904,0.19866444073455758,0.02046783625730994,0.15358931552587646,0.017877963466770307,0.20033388981636058,0.021401819154628143,0.1469115191986644,0.017756255044390636,0.1719532554257095,0.01854853232486944,0.008347245409015025,0.5676126878130217,0.643939393939394,8.503256747334229e-05,0.18196994991652754,0.019109396914446006,0.19198664440734556,0.01972555746140652,0.16193656093489148,0.01696397341727877
10,19,0.0196078431372549,0.20913884007029876,0.02032103825136612,0.19156414762741653,0.02161840539468465,0.23550087873462214,0.02385190459238163,0.17926186291739893,0.020910209102091022,0.21968365553602812,0.022026431718061675,0.0017574692442882249,0.5799648506151143,0.6191369606003754,1.7009116886651246e-05,0.19683655536028116,0.019434322401526982,0.24253075571177501,0.02362609142270159,0.2038664323374341,0.020447734884540807
10,20,0.30952380952380953,0.19419237749546278,0.018388039181990033,0.13793103448275862,0.015169660678642715,0.19237749546279492,0.01874778917580474,0.13430127041742287,0.014732231734023491,0.17967332123411978,0.01746647847565279,0.023593466424682397,0.6460980036297641,0.660482374768089,0.00022108467543068995,0.16152450090744103,0.015614035087719299,0.19600725952813067,0.018496317862647712,0.15970961887477314,0.015379238028661306
